,Movies,title,awards,director,genre,year,imdbRating,ratings_rotten,rating_ metacritic,run_time,writer,Type
0,Spies in Disguise,Spies in Disguise,3 nominations.,"Nick Bruno, Troy Quane","Animation, Adventure, Comedy, Family, Sci-Fi",2019,6.8,,54,102 min,"Lucas Martell (inspired by: the animated short film ""Pigeon: Impossible"" by), Cindy Davis (screen story by), Brad Copeland (screenplay by), Lloyd Taylor (screenplay by)",movie
1,Captain Marvel,Captain Marvel,7 wins & 46 nominations.,"Anna Boden, Ryan Fleck","Action, Adventure, Sci-Fi",2019,6.9,,64,123 min,"Anna Boden (screenplay by), Ryan Fleck (screenplay by), Geneva Robertson-Dworet (screenplay by), Nicole Perlman (story by), Meg LeFauve (story by), Anna Boden (story by), Ryan Fleck (story by), Geneva Robertson-Dworet (story by)",movie
2,Alien,Alien,Won 1 Oscar. Another 16 wins & 21 nominations.,Ridley Scott,"Horror, Sci-Fi",1979,8.4,,89,117 min,"Dan O'Bannon (screenplay by), Dan O'Bannon (story by), Ronald Shusett (story by)",movie
3,Your Name.,Your Name.,15 wins & 25 nominations.,Makoto Shinkai,"Animation, Drama, Fantasy, Romance",2016,8.4,,79,106 min,"Makoto Shinkai (based on his novel), Makoto Shinkai (screenplay), Clark Cheng (english script)",movie
4,Fantasy Island,Fantasy Island,N/A,Jeff Wadlow,"Adventure, Fantasy, Horror, Mystery, Thriller",2020,4.8,,22,109 min,"Jillian Jacobs, Christopher Roach, Jeff Wadlow",movie
5,Rambo: Last Blood,Rambo: Last Blood,4 wins & 7 nominations.,Adrian Grunberg,"Action, Thriller",2019,6.2,,26,89 min,"Matthew Cirulnick (screenplay by), Sylvester Stallone (screenplay by), Dan Gordon (story by), Sylvester Stallone (story by), David Morrell (based on the character created by)",movie
6,Feel the Beat,Feel the Beat,N/A,Elissa Down,"Comedy, Drama, Family",2020,6.4,,N/A,109 min,"Michael Armbruster, Shawn Ku",movie
7,Fifty Shades Freed,Fifty Shades Freed,5 wins & 10 nominations.,James Foley,"Drama, Romance, Thriller",2018,4.5,,31,105 min,"Niall Leonard (screenplay by), E.L. James (based on the novel by)",movie
8,The Fifth Element,The Fifth Element,Nominated for 1 Oscar. Another 10 wins & 38 nominations.,Luc Besson,"Action, Adventure, Sci-Fi",1997,7.7,,52,126 min,"Luc Besson (screenplay by), Robert Mark Kamen (screenplay by), Luc Besson (story by)",movie
9,The Lord of the Rings: The Fellowship of the Ring,The Lord of the Rings: The Fellowship of the Ring,Won 4 Oscars. Another 114 wins & 124 nominations.,Peter Jackson,"Action, Adventure, Drama, Fantasy",2001,8.8,,92,178 min,"J.R.R. Tolkien (novel), Fran Walsh (screenplay), Philippa Boyens (screenplay), Peter Jackson (screenplay)",movie
10,You Should Have Left,You Should Have Left,N/A,David Koepp,"Horror, Mystery",2020,N/A,,N/A,93 min,"David Koepp (screenplay), Daniel Kehlmann (novel)",movie
11,Maleficent: Mistress of Evil,Maleficent: Mistress of Evil,Nominated for 1 Oscar. Another 1 win & 7 nominations.,Joachim Rønning,"Adventure, Family, Fantasy",2019,6.6,,43,119 min,"Linda Woolverton, Noah Harpster, Micah Fitzerman-Blue, Charles Perrault (based on: characters from ""La Belle Au Bois Dormant"" written by)",movie
12,Top Gunner,Top Gunner,N/A,Daniel Lusko,"Action, War",2020,N/A,,N/A,N/A,Geoff Meed,movie
13,The Hobbit: An Unexpected Journey,The Hobbit: An Unexpected Journey,Nominated for 3 Oscars. Another 10 wins & 72 nominations.,Peter Jackson,"Adventure, Family, Fantasy",2012,7.8,,58,169 min,"Fran Walsh (screenplay), Philippa Boyens (screenplay), Peter Jackson (screenplay), Guillermo del Toro (screenplay), J.R.R. Tolkien (novel)",movie
14,Terminator Genisys,Terminator Genisys,9 nominations.,Alan Taylor,"Action, Adventure, Sci-Fi, Thriller",2015,6.4,,38,126 min,"Laeta Kalogridis, Patrick Lussier, James Cameron (based on characters created by), Gale Anne Hurd (based on characters created by)",movie
15,Avengers: Endgame,Avengers: Endgame,Nominated for 1 Oscar. Another 65 wins & 103 nominations.,"Anthony Russo, Joe Russo","Action, Adventure, Drama, Sci-Fi",2019,8.4,,78,181 min,"Christopher Markus (screenplay by), Stephen McFeely (screenplay by), Stan Lee (based on the Marvel comics by), Jack Kirby (based on the Marvel comics by), Joe Simon (Captain America created by), Jack Kirby (Captain America created by), Steve Englehart (Star-Lord created by), Steve Gan (Star-Lord created by), Bill Mantlo (Rocket Raccoon created by), Keith Giffen (Rocket Raccoon created by), Jim Starlin (Thanos,  Gamora & Drax created by), Stan Lee (Groot created by), Larry Lieber (Groot created by), Jack Kirby (Groot created by), Steve Englehart (Mantis created by), Don Heck (Mantis created by)",movie
16,Fury,Fury,5 wins & 23 nominations.,David Ayer,"Action, Drama, War",2014,7.6,,64,134 min,David Ayer,movie
17,GoodFellas,Goodfellas,Won 1 Oscar. Another 43 wins & 38 nominations.,Martin Scorsese,"Biography, Crime, Drama",1990,8.7,,90,146 min,"Nicholas Pileggi (book), Nicholas Pileggi (screenplay), Martin Scorsese (screenplay)",movie
18,Jaws,Jaws,Won 3 Oscars. Another 11 wins & 19 nominations.,Steven Spielberg,"Adventure, Thriller",1975,8.0,,87,124 min,"Peter Benchley (screenplay), Carl Gottlieb (screenplay), Peter Benchley (based on the novel by)",movie
19,The Shawshank Redemption,The Shawshank Redemption,Nominated for 7 Oscars. Another 21 wins & 35 nominations.,Frank Darabont,Drama,1994,9.3,,80,142 min,"Stephen King (short story ""Rita Hayworth and Shawshank Redemption""), Frank Darabont (screenplay)",movie
20,Sonic the Hedgehog,Sonic the Hedgehog,1 nomination.,Jeff Fowler,"Action, Adventure, Comedy, Family, Sci-Fi",2020,6.6,,47,99 min,"Pat Casey, Josh Miller",movie
21,Brave,Brave,Won 1 Oscar. Another 19 wins & 48 nominations.,"Mark Andrews, Brenda Chapman, Steve Purcell(co-director)","Animation, Adventure, Comedy, Family, Fantasy",2012,7.1,,69,93 min,"Brenda Chapman (story by), Mark Andrews (screenplay by), Steve Purcell (screenplay by), Brenda Chapman (screenplay by), Irene Mecchi (screenplay by)",movie
22,Deadpool 2,Deadpool 2,6 wins & 50 nominations.,David Leitch,"Action, Adventure, Comedy, Sci-Fi",2018,7.7,,66,119 min,"Rhett Reese, Paul Wernick, Ryan Reynolds",movie
23,Gladiator,Gladiator,Won 5 Oscars. Another 54 wins & 104 nominations.,Ridley Scott,"Action, Adventure, Drama",2000,8.5,,67,155 min,"David Franzoni (story), David Franzoni (screenplay), John Logan (screenplay), William Nicholson (screenplay)",movie
24,Ford v Ferrari,Ford v Ferrari,Won 2 Oscars. Another 21 wins & 73 nominations.,James Mangold,"Action, Biography, Drama, Sport",2019,8.1,,81,152 min,"Jez Butterworth, John-Henry Butterworth, Jason Keller",movie
25,My Neighbor Totoro,My Neighbor Totoro,5 wins & 2 nominations.,Hayao Miyazaki,"Animation, Family, Fantasy",1988,8.2,,86,86 min,Hayao Miyazaki,movie
26,Justice League,Justice League,2 wins & 13 nominations.,Zack Snyder,"Action, Adventure, Fantasy, Sci-Fi",2017,6.4,,45,120 min,"Jerry Siegel (Superman created by), Joe Shuster (Superman created by), Chris Terrio (story by), Zack Snyder (story by), Chris Terrio (screenplay by), Joss Whedon (screenplay by), Gardner Fox (Justice League of America created by), Bob Kane (Batman created by), Bill Finger (Batman created by), William Moulton Marston (Wonder Woman created by), Jack Kirby (Fourth World created by)",movie
27,Pixels,Pixels,4 wins & 9 nominations.,Chris Columbus,"Action, Comedy, Fantasy, Sci-Fi",2015,5.5,,27,105 min,"Tim Herlihy (screenplay), Timothy Dowling (screenplay), Tim Herlihy (screen story), Patrick Jean (short film)",movie
28,Chappie,Chappie,3 nominations.,Neill Blomkamp,"Action, Crime, Drama, Sci-Fi, Thriller",2015,6.8,,41,120 min,"Neill Blomkamp, Terri Tatchell",movie
29,The Equalizer,The Equalizer,1 win & 9 nominations.,Antoine Fuqua,"Action, Crime, Thriller",2014,7.2,,57,132 min,"Richard Wenk, Michael Sloan (based on the television series created by), Richard Lindheim (based on the television series created by)",movie
30,Ready Player One,Ready Player One,Nominated for 1 Oscar. Another 11 wins & 52 nominations.,Steven Spielberg,"Action, Adventure, Sci-Fi",2018,7.5,,64,140 min,"Zak Penn (screenplay by), Ernest Cline (screenplay by), Ernest Cline (based on the novel by)",movie
31,Britt-Marie Was Here,Britt-Marie Was Here,1 nomination.,Tuva Novotny,"Comedy, Drama, Sport",2019,5.1,,53,97 min,"Anders Frithiof August, Fredrik Backman (novel), Øystein Karlsen, Tuva Novotny",movie
32,Insurgent,Insurgent,3 wins & 17 nominations.,Robert Schwentke,"Action, Adventure, Sci-Fi, Thriller",2015,6.2,,42,119 min,"Brian Duffield (screenplay by), Akiva Goldsman (screenplay by), Mark Bomback (screenplay by), Veronica Roth (based on the novel ""Insurgent"" by)",movie
33,Django Unchained,Django Unchained,Won 2 Oscars. Another 57 wins & 155 nominations.,Quentin Tarantino,"Drama, Western",2012,8.4,,81,165 min,Quentin Tarantino,movie
34,Harry Potter and the Goblet of Fire,Harry Potter and the Goblet of Fire,Nominated for 1 Oscar. Another 13 wins & 42 nominations.,Mike Newell,"Adventure, Family, Fantasy, Mystery",2005,7.7,,81,157 min,"Steve Kloves (screenplay), J.K. Rowling (novel)",movie
35,Harry Potter and the Philosopher's Stone,,,,,,,,,,,
36,Thor: Ragnarok,Thor: Ragnarok,6 wins & 49 nominations.,Taika Waititi,"Action, Adventure, Comedy, Fantasy, Sci-Fi",2017,7.9,,74,130 min,"Eric Pearson, Craig Kyle, Christopher L. Yost, Stan Lee (based on the Marvel comics by), Larry Lieber (based on the Marvel comics by), Jack Kirby (based on the Marvel comics by)",movie
37,Red Shoes and the Seven Dwarfs,Red Shoes and the Seven Dwarfs,N/A,"Sung-ho Hong, Moo-Hyun Jang(co-director), Young Sik Uhm(co-director)","Animation, Action, Adventure, Comedy, Family, Fantasy, Romance",2019,6.3,,N/A,92 min,"WoongSub Ahn (original story), Sung-ho Hong, WooChul Jung (original story), ChangWon Kim (original story), WooSuk Yang (original story)",movie
38,Avengers: Infinity War,Avengers: Infinity War,Nominated for 1 Oscar. Another 46 wins & 73 nominations.,"Anthony Russo, Joe Russo","Action, Adventure, Sci-Fi",2018,8.5,,68,149 min,"Christopher Markus (screenplay by), Stephen McFeely (screenplay by), Stan Lee (based on the Marvel comics by), Jack Kirby (based on the Marvel comics by), Joe Simon (Captain America created by), Jack Kirby (Captain America created by), Steve Englehart (Star-Lord created by), Steve Gan (Star-Lord created by), Bill Mantlo (Rocket Raccoon created by), Keith Giffen (Rocket Raccoon created by), Jim Starlin (Thanos,  Gamora and Drax created by), Stan Lee (Groot created by), Larry Lieber (Groot created by), Jack Kirby (Groot created by), Steve Englehart (Mantis created by), Don Heck (Mantis created by)",movie
39,Big Hero 6,Big Hero 6,Won 1 Oscar. Another 16 wins & 58 nominations.,"Don Hall, Chris Williams","Animation, Action, Adventure, Family, Sci-Fi",2014,7.8,,74,102 min,"Jordan Roberts (screenplay by), Robert L. Baird (screenplay by), Daniel Gerson (screenplay by), Man of Action (Big Hero 6 team and characters created by), Steven T. Seagle (characters), Duncan Rouleau (characters)",movie
40,The Avengers,The Avengers,Nominated for 1 Oscar. Another 38 wins & 79 nominations.,Joss Whedon,"Action, Adventure, Sci-Fi",2012,8.0,,69,143 min,"Joss Whedon (screenplay), Zak Penn (story), Joss Whedon (story)",movie
41,Dolemite Is My Name,Dolemite Is My Name,Nominated for 2 Golden Globes. Another 30 wins & 59 nominations.,Craig Brewer,"Biography, Comedy, Drama",2019,7.3,,76,118 min,"Scott Alexander, Larry Karaszewski",movie
42,Men in Black II,Men in Black II,4 wins & 16 nominations.,Barry Sonnenfeld,"Action, Adventure, Comedy, Mystery, Sci-Fi",2002,6.2,,49,88 min,"Lowell Cunningham (comic book ""Malibu Comics""), Robert Gordon (story), Robert Gordon (screenplay), Barry Fanaro (screenplay)",movie
43,The Last Days of American Crime,The Last Days of American Crime,N/A,Olivier Megaton,"Action, Crime, Thriller",2020,6.1,,N/A,148 min,"Karl Gajdusek (screenplay by), Karl Gajdusek (story by), Greg Tocchini (based on the Radical Publishing graphic novel created by), Rick Remender (comic book), Rick Remender (screenwriter)",movie
44,Jumanji: The Next Level,Jumanji: The Next Level,1 win & 5 nominations.,Jake Kasdan,"Action, Adventure, Comedy, Fantasy",2019,6.7,,58,123 min,"Jake Kasdan, Jeff Pinkner, Scott Rosenberg, Chris Van Allsburg (based on the book ""Jumanji"" by)",movie
45,Skyfall,Skyfall,Won 2 Oscars. Another 64 wins & 122 nominations.,Sam Mendes,"Action, Adventure, Thriller",2012,7.7,,81,143 min,"Neal Purvis, Robert Wade, John Logan, Ian Fleming (characters)",movie
46,Knives Out,Knives Out,Nominated for 1 Oscar. Another 45 wins & 93 nominations.,Rian Johnson,"Comedy, Crime, Drama, Mystery, Thriller",2019,7.9,,82,130 min,Rian Johnson,movie
47,Jojo Rabbit,Jojo Rabbit,Won 1 Oscar. Another 33 wins & 152 nominations.,Taika Waititi,"Comedy, Drama, War",2019,7.9,,58,108 min,"Taika Waititi (screenplay by), Christine Leunens (novel)",movie
48,Bloodshot,Bloodshot,3 nominations.,Dave Wilson,"Action, Drama, Sci-Fi",2020,5.7,,44,109 min,"Jeff Wadlow (screenplay by), Eric Heisserer (screenplay by), Jeff Wadlow (story by)",movie
49,Pirates of the Caribbean: The Curse of the Black Pearl,Pirates of the Caribbean: The Curse of the Black Pearl,Nominated for 5 Oscars. Another 38 wins & 99 nominations.,Gore Verbinski,"Action, Adventure, Fantasy",2003,8.0,,63,143 min,"Ted Elliott (screen story), Terry Rossio (screen story), Stuart Beattie (screen story), Jay Wolpert (screen story), Ted Elliott (screenplay), Terry Rossio (screenplay)",movie
50,Bruce Almighty,Bruce Almighty,7 wins & 9 nominations.,Tom Shadyac,"Comedy, Drama, Fantasy",2003,6.8,,46,101 min,"Steve Koren (story), Mark O'Keefe (story), Steve Koren (screenplay), Mark O'Keefe (screenplay), Steve Oedekerk (screenplay)",movie
51,Spider-Man: Far from Home,Spider-Man: Far from Home,9 wins & 21 nominations.,Jon Watts,"Action, Adventure, Sci-Fi",2019,7.5,,69,129 min,"Chris McKenna, Erik Sommers, Stan Lee (based on the Marvel comic book by), Steve Ditko (based on the Marvel comic book by)",movie
52,Snowpiercer,Snowpiercer,33 wins & 104 nominations.,Bong Joon Ho,"Action, Drama, Sci-Fi",2013,7.1,,84,126 min,"Jacques Lob (based on ""Le Transperceneige"" by), Benjamin Legrand (based on ""Le Transperceneige"" by), Jean-Marc Rochette (based on ""Le Transperceneige"" by), Bong Joon Ho (screen story by), Bong Joon Ho (screenplay by), Kelly Masterson (screenplay by)",movie
53,Star Wars,Star Wars: Episode IV - A New Hope,Won 6 Oscars. Another 52 wins & 28 nominations.,George Lucas,"Action, Adventure, Fantasy, Sci-Fi",1977,8.6,,90,121 min,George Lucas,movie
54,Pitch Perfect 2,Pitch Perfect 2,9 wins & 16 nominations.,Elizabeth Banks,"Comedy, Music",2015,6.4,,63,115 min,"Kay Cannon, Mickey Rapkin (based on the book by)",movie
55,Little Nicky,Little Nicky,1 win & 12 nominations.,Steven Brill,"Comedy, Fantasy",2000,5.3,,38,90 min,"Tim Herlihy, Adam Sandler, Steven Brill",movie
56,Interstellar,Interstellar,Won 1 Oscar. Another 43 wins & 147 nominations.,Christopher Nolan,"Adventure, Drama, Sci-Fi, Thriller",2014,8.6,,74,169 min,"Jonathan Nolan, Christopher Nolan",movie
57,Frozen II,Frozen II,Nominated for 1 Oscar. Another 15 wins & 71 nominations.,"Chris Buck, Jennifer Lee","Animation, Adventure, Comedy, Family, Fantasy, Musical",2019,6.9,,64,103 min,"Jennifer Lee (screenplay by), Hans Christian Andersen (story inspired by ""The Snow Queen"" by), Jennifer Lee (story by), Chris Buck (story by), Marc Smith (story by), Kristen Anderson-Lopez (story by), Robert Lopez (story by), Allison Schroeder (additional screenplay material by)",movie
58,The Matrix,The Matrix,Won 4 Oscars. Another 37 wins & 50 nominations.,"Lana Wachowski, Lilly Wachowski","Action, Sci-Fi",1999,8.7,,73,136 min,"Lilly Wachowski, Lana Wachowski",movie
59,The Invisible Man,The Invisible Man,4 nominations.,Leigh Whannell,"Horror, Mystery, Sci-Fi, Thriller",2020,7.1,,72,124 min,"Leigh Whannell (screenplay), Leigh Whannell (screen story)",movie
60,The Hunt,The Hunt,Nominated for 1 Oscar. Another 37 wins & 67 nominations.,Thomas Vinterberg,Drama,2012,8.3,,77,115 min,"Tobias Lindholm (screenplay), Thomas Vinterberg (screenplay)",movie
61,Star Wars: The Rise of Skywalker,Live from the Red Carpet of Star Wars: The Rise of Skywalker,N/A,Steve Meyer,N/A,2019,N/A,,N/A,126 min,N/A,movie
62,The Lord of the Rings: The Return of the King,The Lord of the Rings: The Return of the King,Won 11 Oscars. Another 198 wins & 123 nominations.,Peter Jackson,"Adventure, Drama, Fantasy",2003,8.9,,94,201 min,"J.R.R. Tolkien (novel), Fran Walsh (screenplay), Philippa Boyens (screenplay), Peter Jackson (screenplay)",movie
63,Back to the Future,Back to the Future,Won 1 Oscar. Another 19 wins & 25 nominations.,Robert Zemeckis,"Adventure, Comedy, Sci-Fi",1985,8.5,,87,116 min,"Robert Zemeckis, Bob Gale",movie
64,Call Me by Your Name,Call Me by Your Name,Won 1 Oscar. Another 96 wins & 252 nominations.,Luca Guadagnino,"Drama, Romance",2017,7.9,,93,132 min,"James Ivory (screenplay by), André Aciman (based on the novel by)",movie
65,Harry Potter and the Deathly Hallows: Part 2,Harry Potter and the Deathly Hallows: Part 2,Nominated for 3 Oscars. Another 45 wins & 91 nominations.,David Yates,"Adventure, Drama, Fantasy, Mystery",2011,8.1,,85,130 min,"Steve Kloves (screenplay), J.K. Rowling (novel)",movie
66,Vivarium,Vivarium,2 wins & 4 nominations.,Lorcan Finnegan,"Horror, Mystery, Sci-Fi",2019,5.8,,64,97 min,"Lorcan Finnegan (story by), Garret Shanley (story by), Garret Shanley",movie
67,Wonder Woman,Wonder Woman,24 wins & 70 nominations.,Patty Jenkins,"Action, Adventure, Fantasy, Sci-Fi, War",2017,7.4,,76,141 min,"Allan Heinberg (screenplay by), Zack Snyder (story by), Allan Heinberg (story by), Jason Fuchs (story by), William Moulton Marston (Wonder Woman created by)",movie
68,Cinderella,Cinderella,Nominated for 1 Oscar. Another 8 wins & 36 nominations.,Kenneth Branagh,"Drama, Family, Fantasy, Romance",2015,6.9,,67,105 min,"Chris Weitz (screenplay by), Charles Perrault (story)",movie
69,Batman Begins,Batman Begins,Nominated for 1 Oscar. Another 14 wins & 72 nominations.,Christopher Nolan,"Action, Adventure",2005,8.2,,70,140 min,"Bob Kane (characters), David S. Goyer (story), Christopher Nolan (screenplay), David S. Goyer (screenplay)",movie
70,Doctor Strange,Doctor Strange,Nominated for 1 Oscar. Another 20 wins & 65 nominations.,Scott Derrickson,"Action, Adventure, Fantasy, Sci-Fi",2016,7.5,,72,115 min,"Jon Spaihts, Scott Derrickson, C. Robert Cargill, Stan Lee (based on the Marvel comics by), Steve Ditko (based on the Marvel comics by)",movie
71,Babyteeth,Babyteeth,9 wins & 10 nominations.,Shannon Murphy,"Comedy, Drama",2019,7.1,,74,118 min,Rita Kalnejais,movie
72,Escape from Alcatraz,Escape from Alcatraz,N/A,Don Siegel,"Biography, Crime, Drama, Thriller",1979,7.6,,76,112 min,"J. Campbell Bruce (book), Richard Tuggle (screenplay)",movie
73,John Wick: Chapter 3 - Parabellum,John Wick: Chapter 3 - Parabellum,12 wins & 27 nominations.,Chad Stahelski,"Action, Crime, Thriller",2019,7.5,,73,130 min,"Derek Kolstad (screenplay by), Shay Hatten (screenplay by), Chris Collins (screenplay by), Marc Abrams (screenplay by), Derek Kolstad (story by), Derek Kolstad (based on characters created by)",movie
74,The Devil Wears Prada,The Devil Wears Prada,Nominated for 2 Oscars. Another 20 wins & 50 nominations.,David Frankel,"Comedy, Drama",2006,6.9,,62,109 min,"Aline Brosh McKenna (screenplay), Lauren Weisberger (novel)",movie
75,Parasite,Parasite,Won 4 Oscars. Another 263 wins & 227 nominations.,Bong Joon Ho,"Comedy, Drama, Thriller",2019,8.6,,96,132 min,"Bong Joon Ho (story), Bong Joon Ho (screenplay), Jin Won Han (screenplay)",movie
76,Harry Potter and the Chamber of Secrets,Harry Potter and the Chamber of Secrets,Nominated for 3 BAFTA Film Awards. Another 13 wins & 43 nominations.,Chris Columbus,"Adventure, Family, Fantasy, Mystery",2002,7.4,,63,161 min,"J.K. Rowling (novel), Steve Kloves (screenplay)",movie
77,Scoob!,Scoob!,N/A,Tony Cervone,"Animation, Adventure, Comedy, Family, Mystery",2020,5.7,,43,93 min,"Matt Lieberman (screenplay by), Adam Sztykiel (screenplay by), Jack Donaldson (screenplay by), Derek Elliott (screenplay by), Matt Lieberman (story by), Eyal Podell (story by), Jonathon E. Stewart (story by), William Hanna (based on characters created by), Joseph Barbera (based on characters created by)",movie
78,1917,1917,Won 3 Oscars. Another 110 wins & 161 nominations.,Sam Mendes,"Drama, War",2019,8.3,,78,119 min,"Sam Mendes, Krysty Wilson-Cairns",movie
79,7500,7500,3 nominations.,Patrick Vollrath,"Drama, Thriller",2019,6.2,,58,93 min,"Patrick Vollrath, Senad Halilbasic",movie
80,El Camino: A Breaking Bad Movie,El Camino: A Breaking Bad Movie,4 wins & 6 nominations.,Vince Gilligan,"Action, Crime, Drama",2019,7.3,,72,122 min,"Vince Gilligan, Vince Gilligan (based on ""Breaking Bad"" by)",movie
81,21 Bridges,21 Bridges,2 nominations.,Brian Kirk,"Action, Crime, Drama, Thriller",2019,6.6,,51,99 min,"Adam Mervis (screenplay by), Matthew Michael Carnahan (screenplay by), Adam Mervis (story by)",movie
82,Whiplash,Whiplash,Won 3 Oscars. Another 91 wins & 143 nominations.,Damien Chazelle,"Drama, Music",2014,8.5,,88,106 min,Damien Chazelle,movie
83,Master and Commander: The Far Side of the World,Master and Commander: The Far Side of the World,Won 2 Oscars. Another 21 wins & 90 nominations.,Peter Weir,"Action, Adventure, Drama, History, War",2003,7.4,,81,138 min,"Patrick O'Brian (novels), Peter Weir (screenplay), John Collee (screenplay)",movie
84,The Vast of Night,The Vast of Night,4 wins & 9 nominations.,Andrew Patterson,"Drama, Fantasy, Mystery, Sci-Fi, Thriller",2019,6.8,,85,89 min,"James Montague, Craig W. Sanger",movie
85,Captain America: Civil War,Captain America: Civil War,16 wins & 68 nominations.,"Anthony Russo, Joe Russo","Action, Adventure, Sci-Fi",2016,7.8,,75,147 min,"Christopher Markus (screenplay by), Stephen McFeely (screenplay by), Joe Simon (based on the Marvel comics by), Jack Kirby (based on the Marvel comics by)",movie
86,Wasp Network,Wasp Network,1 win & 2 nominations.,Olivier Assayas,Thriller,2019,5.7,,54,123 min,"Olivier Assayas, Fernando Morais (book)",movie
87,Batman v Superman: Dawn of Justice,Batman v Superman: Dawn of Justice,14 wins & 33 nominations.,Zack Snyder,"Action, Adventure, Sci-Fi",2016,6.5,,44,151 min,"Chris Terrio, David S. Goyer, Bob Kane (Batman created by), Bill Finger (Batman created by), Jerry Siegel (Superman created by), Joe Shuster (Superman created by), William Moulton Marston (character created by: Wonder Woman)",movie
88,Taken 3,Taken 3,3 wins & 2 nominations.,Olivier Megaton,"Action, Thriller",2014,6.0,,26,108 min,"Luc Besson, Robert Mark Kamen, Luc Besson (characters), Robert Mark Kamen (based on characters created by)",movie
89,Extraction,Extraction,N/A,Sam Hargrave,"Action, Crime, Thriller",2020,6.8,,56,116 min,"Joe Russo (screenplay), Ande Parks (based on the graphic novel ""Ciudad"" by), Ande Parks (from story by), Joe Russo (from story by), Anthony Russo (from story by), Fernando León González (with illustrations by)",movie
90,Ad Astra,Ad Astra,Nominated for 1 Oscar. Another 10 wins & 58 nominations.,James Gray,"Adventure, Drama, Mystery, Sci-Fi, Thriller",2019,6.6,,80,123 min,"James Gray, Ethan Gross",movie
91,The Dark Knight,The Dark Knight,Won 2 Oscars. Another 153 wins & 159 nominations.,Christopher Nolan,"Action, Crime, Drama, Thriller",2008,9.0,,84,152 min,"Jonathan Nolan (screenplay), Christopher Nolan (screenplay), Christopher Nolan (story), David S. Goyer (story), Bob Kane (characters)",movie
92,Blade Runner,Blade Runner,Nominated for 2 Oscars. Another 12 wins & 16 nominations.,Ridley Scott,"Action, Sci-Fi, Thriller",1982,8.1,,84,117 min,"Hampton Fancher (screenplay), David Webb Peoples (screenplay), Philip K. Dick (novel)",movie
93,There's Something About Mary,There's Something About Mary,Nominated for 2 Golden Globes. Another 17 wins & 15 nominations.,"Bobby Farrelly, Peter Farrelly","Comedy, Romance",1998,7.1,,69,119 min,"Ed Decter (story), John J. Strauss (story), Ed Decter (screenplay), John J. Strauss (screenplay), Peter Farrelly (screenplay), Bobby Farrelly (screenplay)",movie
94,Inglourious Basterds,Inglourious Basterds,Won 1 Oscar. Another 132 wins & 171 nominations.,Quentin Tarantino,"Adventure, Drama, War",2009,8.3,,69,153 min,Quentin Tarantino,movie
95,Zombieland: Double Tap,Zombieland: Double Tap,3 nominations.,Ruben Fleischer,"Action, Comedy, Horror",2019,6.7,,55,99 min,"Rhett Reese, Paul Wernick, Dave Callaham, Rhett Reese (based on characters created by), Paul Wernick (based on characters created by)",movie
96,Joker,Joker,Won 2 Oscars. Another 92 wins & 199 nominations.,Todd Phillips,"Crime, Drama, Thriller",2019,8.5,,59,122 min,"Todd Phillips, Scott Silver, Bob Kane (based on characters created by), Bill Finger (based on characters created by), Jerry Robinson (based on characters created by)",movie
97,Despicable Me 2,Despicable Me 2,Nominated for 2 Oscars. Another 12 wins & 65 nominations.,"Pierre Coffin, Chris Renaud","Animation, Adventure, Comedy, Family, Fantasy, Sci-Fi",2013,7.3,,62,98 min,"Cinco Paul, Ken Daurio",movie
98,Force of Nature,Force of Nature,5 wins & 4 nominations.,Sturla Gunnarsson,Documentary,2010,7.4,,N/A,93 min,N/A,movie
99,Artemis Fowl,Artemis Fowl,N/A,Kenneth Branagh,"Adventure, Family, Fantasy, Sci-Fi",2020,N/A,,N/A,N/A,"Eoin Colfer (based on the novel by), Michael Goldenberg (screenplay), Adam Kline, Conor McPherson (screenplay by)",movie
100,Gabriel's Inferno,Gabriel's Inferno,N/A,Tosca Musk,Romance,2020,6.2,,N/A,N/A,N/A,movie
101,Seal Team Six: The Raid on Osama Bin Laden,Seal Team Six: The Raid on Osama Bin Laden,Nominated for 2 Primetime Emmys. Another 2 wins & 1 nomination.,"John Stockwell, Paulette Victor-Lifton","Action, Crime, Drama, Thriller",2012,5.7,,N/A,90 min,Kendall Lampkin (screenplay),movie
102,The Hunger Games: Mockingjay - Part 1,The Hunger Games: Mockingjay - Part 1,Nominated for 1 Golden Globe. Another 21 wins & 31 nominations.,Francis Lawrence,"Action, Adventure, Sci-Fi, Thriller",2014,6.6,,64,123 min,"Peter Craig (screenplay), Danny Strong (screenplay), Suzanne Collins (adaptation), Suzanne Collins (novel)",movie
103,Titanic,Titanic,Won 11 Oscars. Another 113 wins & 83 nominations.,James Cameron,"Drama, Romance",1997,7.8,,75,194 min,James Cameron,movie
104,,Nan va eshgh va motor 1000,N/A,Abolhassan Davoodi,Comedy,2002,5.8,,N/A,N/A,"Abolhassan Davoodi, Peyman Ghassemkhani",movie
105,Aladdin,Aladdin,Won 2 Oscars. Another 31 wins & 22 nominations.,"Ron Clements, John Musker","Animation, Adventure, Comedy, Family, Fantasy, Musical, Romance",1992,8.0,,86,90 min,"Ron Clements (screenplay by), John Musker (screenplay by), Ted Elliott (screenplay by), Terry Rossio (screenplay by), Burny Mattinson (story), Roger Allers (story), Daan Jippes (story), Kevin Harkey (story), Sue C. Nichols (story), Francis Glebas (story), Darrell Rooney (story), Larry Leker (story), James Fujii (story), Kirk Hanson (story), Kevin Lima (story), Rebecca Rees (story), David S. Smith (story), Chris Sanders (story), Brian Pimental (story), Patrick A. Ventura (story)",movie
106,Zootopia,Zootopia,Won 1 Oscar. Another 46 wins & 71 nominations.,"Byron Howard, Rich Moore, Jared Bush(co-director)","Animation, Adventure, Comedy, Crime, Family, Mystery",2016,8.0,,78,108 min,"Byron Howard (story by), Rich Moore (story by), Jared Bush (story by), Jim Reardon (story by), Josie Trinidad (story by), Phil Johnston (story by), Jennifer Lee (story by), Jared Bush (screenplay by), Phil Johnston (screenplay by)",movie
107,The Gentlemen,The Gentlemen,N/A,Guy Ritchie,"Action, Comedy, Crime",2019,7.9,,51,113 min,"Guy Ritchie (story), Ivan Atkinson (story), Marn Davies (story), Guy Ritchie (screenplay)",movie
108,Beetlejuice,Beetlejuice,Won 1 Oscar. Another 6 wins & 11 nominations.,Tim Burton,"Comedy, Fantasy",1988,7.5,,70,92 min,"Michael McDowell (story), Larry Wilson (story), Michael McDowell (screenplay), Warren Skaaren (screenplay)",movie
109,Men in Black,Men in Black,Won 1 Oscar. Another 21 wins & 39 nominations.,Barry Sonnenfeld,"Action, Adventure, Comedy, Sci-Fi",1997,7.3,,71,98 min,"Lowell Cunningham (comic), Ed Solomon (screen story), Ed Solomon (screenplay)",movie
110,Birdman or (The Unexpected Virtue of Ignorance),Birdman or (The Unexpected Virtue of Ignorance),Won 4 Oscars. Another 192 wins & 285 nominations.,Alejandro G. Iñárritu,"Comedy, Drama",2014,7.7,,87,119 min,"Alejandro G. Iñárritu, Nicolás Giacobone, Alexander Dinelaris, Armando Bo, Raymond Carver (play)",movie
111,Terminator: Dark Fate,Terminator: Dark Fate,1 win & 7 nominations.,Tim Miller,"Action, Adventure, Sci-Fi",2019,6.3,,54,128 min,"James Cameron (story by), Charles H. Eglee (story by), Josh Friedman (story by), David S. Goyer (story by), Justin Rhodes (story by), David S. Goyer (screenplay by), Justin Rhodes (screenplay by), Billy Ray (screenplay by), James Cameron (based on characters created by), Gale Anne Hurd (based on characters created by)",movie
112,Black Panther,Black Panther,Won 3 Oscars. Another 109 wins & 265 nominations.,Ryan Coogler,"Action, Adventure, Sci-Fi",2018,7.3,,88,134 min,"Ryan Coogler, Joe Robert Cole, Stan Lee (based on the Marvel comics by), Jack Kirby (based on the Marvel Comics by)",movie
113,Lost Bullet,Lost Bullet,N/A,Guillaume Pierret,"Action, Crime, Thriller",2020,6.2,,N/A,92 min,"Guillaume Pierret (scenario), Guillaume Pierret (adaptation), Alban Lenoir (adaptation), Kamel Guemra (adaptation)",movie
114,Fifty Shades of Grey,Fifty Shades of Grey,Nominated for 1 Oscar. Another 9 wins & 26 nominations.,Sam Taylor-Johnson,"Drama, Romance, Thriller",2015,4.1,,46,125 min,"Kelly Marcel (screenplay by), E.L. James (based on the novel by)",movie
115,Little Women,Little Women,Won 1 Oscar. Another 72 wins & 185 nominations.,Greta Gerwig,"Drama, Romance",2019,7.9,,91,135 min,"Greta Gerwig (written for the screen by), Louisa May Alcott (based on the novel by)",movie
116,The Terminator,The Terminator,7 wins & 6 nominations.,James Cameron,"Action, Sci-Fi",1984,8.0,,84,107 min,"James Cameron, Gale Anne Hurd, William Wisher (additional dialogue)",movie
117,Dolittle,Dolittle,3 nominations.,Stephen Gaghan,"Adventure, Comedy, Family, Fantasy",2020,5.6,,26,101 min,"Stephen Gaghan (screenplay by), Dan Gregor (screenplay by), Doug Mand (screenplay by), Thomas Shepherd (screen story by), Hugh Lofting (character created by)",movie
118,The Godfather,The Godfather,Won 3 Oscars. Another 26 wins & 30 nominations.,Francis Ford Coppola,"Crime, Drama",1972,9.2,,100,175 min,"Mario Puzo (screenplay by), Francis Ford Coppola (screenplay by), Mario Puzo (based on the novel by)",movie
119,The Maze Runner,The Maze Runner,4 wins & 11 nominations.,Wes Ball,"Action, Mystery, Sci-Fi, Thriller",2014,6.8,,57,113 min,"Noah Oppenheim (screenplay by), Grant Pierce Myers (screenplay by), T.S. Nowlin (screenplay by), James Dashner (based upon the novel by)",movie
120,The Incredibles,The Incredibles,Won 2 Oscars. Another 65 wins & 56 nominations.,Brad Bird,"Animation, Action, Adventure, Family",2004,8.0,,90,115 min,Brad Bird,movie
121,Hidden Figures,Hidden Figures,Nominated for 3 Oscars. Another 37 wins & 85 nominations.,Theodore Melfi,"Biography, Drama, History",2016,7.8,,74,127 min,"Allison Schroeder (screenplay by), Theodore Melfi (screenplay by), Margot Lee Shetterly (based on the book by)",movie
122,Inside Out,Inside Out,Won 1 Oscar. Another 97 wins & 114 nominations.,"Pete Docter, Ronnie Del Carmen(co-director)","Animation, Adventure, Comedy, Drama, Family, Fantasy",2015,8.1,,94,95 min,"Pete Docter (original story by), Ronnie Del Carmen (original story by), Pete Docter (screenplay by), Meg LeFauve (screenplay by), Josh Cooley (screenplay by), Michael Arndt (additional story material by), Simon Rich (additional story material by), Bill Hader (additional dialogue by), Amy Poehler (additional dialogue by)",movie
123,Penguins of Madagascar,Penguins of Madagascar,7 nominations.,"Eric Darnell, Simon J. Smith","Animation, Adventure, Comedy, Family, Sci-Fi",2014,6.7,,53,92 min,"Michael Colton (screenplay by), John Aboud (screenplay by), Brandon Sawyer (screenplay by), Alan Schoolcraft (story by), Brent Simons (story by), Michael Colton (story by), John Aboud (story by)",movie
124,Harry Potter and the Deathly Hallows: Part 1,Harry Potter and the Deathly Hallows: Part 1,Nominated for 2 Oscars. Another 15 wins & 53 nominations.,David Yates,"Adventure, Family, Fantasy, Mystery",2010,7.7,,65,146 min,"Steve Kloves (screenplay), J.K. Rowling (novel)",movie
125,The King of Staten Island,The King of Staten Island,N/A,Judd Apatow,"Comedy, Drama",2020,7.2,,68,136 min,"Judd Apatow, Pete Davidson, Dave Sirus",movie
126,The Green Mile,The Green Mile,Nominated for 4 Oscars. Another 15 wins & 33 nominations.,Frank Darabont,"Crime, Drama, Fantasy, Mystery",1999,8.6,,61,189 min,"Stephen King (novel), Frank Darabont (screenplay)",movie
127,Athlete A,Athlete A,N/A,"Bonni Cohen, Jon Shenk","Documentary, Crime",2020,N/A,,N/A,103 min,N/A,movie
128,The Last Samurai,The Last Samurai,Nominated for 4 Oscars. Another 21 wins & 62 nominations.,Edward Zwick,"Action, Drama, War",2003,7.7,,55,154 min,"John Logan (story), John Logan (screenplay), Edward Zwick (screenplay), Marshall Herskovitz (screenplay)",movie
129,Jurassic World,Jurassic World,15 wins & 57 nominations.,Colin Trevorrow,"Action, Adventure, Sci-Fi",2015,7.0,,59,124 min,"Rick Jaffa (screenplay by), Amanda Silver (screenplay by), Colin Trevorrow (screenplay by), Derek Connolly (screenplay by), Rick Jaffa (story by), Amanda Silver (story by), Michael Crichton (based on the characters created by)",movie
130,Blade Runner 2049,Blade Runner 2049,Won 2 Oscars. Another 97 wins & 159 nominations.,Denis Villeneuve,"Action, Drama, Mystery, Sci-Fi, Thriller",2017,8.0,,81,164 min,"Hampton Fancher (screenplay by), Michael Green (screenplay by), Hampton Fancher (story by), Philip K. Dick (based on characters from the novel ""Do Androids Dream of Electric Sheep?"" by)",movie
131,Iron Man,Iron Man,Nominated for 2 Oscars. Another 21 wins & 65 nominations.,Jon Favreau,"Action, Adventure, Sci-Fi",2008,7.9,,79,126 min,"Mark Fergus (screenplay), Hawk Ostby (screenplay), Art Marcum (screenplay), Matt Holloway (screenplay), Stan Lee (characters), Don Heck (characters), Larry Lieber (characters), Jack Kirby (characters)",movie
132,The Lorax,The Lorax,4 wins & 8 nominations.,"Chris Renaud, Kyle Balda(co-director)","Animation, Adventure, Comedy, Drama, Family, Fantasy, Musical",2012,6.4,,46,86 min,"Dr. Seuss (based on the book by), Cinco Paul (screenplay by), Ken Daurio (screenplay by)",movie
133,Fight Club,Fight Club,Nominated for 1 Oscar. Another 10 wins & 37 nominations.,David Fincher,Drama,1999,8.8,,66,139 min,"Chuck Palahniuk (novel), Jim Uhls (screenplay)",movie
134,The Amazing Spider-Man,The Amazing Spider-Man,2 wins & 31 nominations.,Marc Webb,"Action, Adventure, Sci-Fi",2012,6.9,,66,136 min,"James Vanderbilt (screenplay), Alvin Sargent (screenplay), Steve Kloves (screenplay), James Vanderbilt (story), Stan Lee (based on the Marvel comic book by), Steve Ditko (based on the Marvel comic book by)",movie
135,A Whisker Away,A Whisker Away,N/A,"Jun'ichi Satô, Tomotaka Shibayama","Animation, Fantasy, Romance",2020,6.9,,N/A,104 min,Mari Okada,movie
136,The Hangover Part III,The Hangover Part III,2 wins & 7 nominations.,Todd Phillips,"Comedy, Crime",2013,5.8,,30,100 min,"Todd Phillips, Craig Mazin, Jon Lucas (characters), Scott Moore (characters)",movie
137,Star Wars: The Force Awakens,Star Wars: The Force Awakens World Premiere Red Carpet,N/A,N/A,News,2015,7.8,,N/A,108 min,Scott Bromley,movie
138,,Nan va eshgh va motor 1000,N/A,Abolhassan Davoodi,Comedy,2002,5.8,,N/A,N/A,"Abolhassan Davoodi, Peyman Ghassemkhani",movie
139,Harry Potter and the Order of the Phoenix,Harry Potter and the Order of the Phoenix,Nominated for 2 BAFTA Film Awards. Another 14 wins & 40 nominations.,David Yates,"Action, Adventure, Family, Fantasy, Mystery",2007,7.5,,71,138 min,"Michael Goldenberg (screenplay), J.K. Rowling (novel)",movie
140,The Call of the Wild,The Call of the Wild,1 win.,Chris Sanders,"Adventure, Drama, Family",2020,6.8,,47,100 min,"Michael Green (screenplay by), Jack London (based upon the novel by)",movie
141,The Irishman,The Irishman,Nominated for 10 Oscars. Another 71 wins & 310 nominations.,Martin Scorsese,"Biography, Crime, Drama",2019,7.9,,94,209 min,"Steven Zaillian (screenplay), Charles Brandt (book)",movie
142,Sing,Sing,Nominated for 2 Golden Globes. Another 3 wins & 23 nominations.,Garth Jennings,"Animation, Comedy, Family, Musical",2016,7.1,,59,108 min,Garth Jennings,movie
143,The Lord of the Rings: The Two Towers,The Lord of the Rings: The Two Towers,Won 2 Oscars. Another 123 wins & 137 nominations.,Peter Jackson,"Adventure, Drama, Fantasy",2002,8.7,,87,179 min,"J.R.R. Tolkien (novel), Fran Walsh (screenplay), Philippa Boyens (screenplay), Stephen Sinclair (screenplay), Peter Jackson (screenplay)",movie
144,The Martian,The Martian,Nominated for 7 Oscars. Another 40 wins & 188 nominations.,Ridley Scott,"Adventure, Drama, Sci-Fi",2015,8.0,,80,144 min,"Drew Goddard (screenplay by), Andy Weir (based on the novel by)",movie
145,Kong: Skull Island,Kong: Skull Island,Nominated for 1 Oscar. Another 1 win & 19 nominations.,Jordan Vogt-Roberts,"Action, Adventure, Fantasy, Sci-Fi",2017,6.6,,62,118 min,"Dan Gilroy (screenplay by), Max Borenstein (screenplay by), Derek Connolly (screenplay by), John Gatins (story by)",movie
146,Ralph Breaks the Internet,Ralph Breaks the Internet,Nominated for 1 Oscar. Another 3 wins & 63 nominations.,"Phil Johnston, Rich Moore","Animation, Adventure, Comedy, Family, Fantasy",2018,7.1,,71,112 min,"Phil Johnston (screenplay by), Pamela Ribon (screenplay by), Rich Moore (story by), Phil Johnston (story by), Jim Reardon (story by), Pamela Ribon (story by), Josie Trinidad (story by)",movie
147,Doctor Sleep,Doctor Sleep,7 wins & 26 nominations.,Mike Flanagan,"Drama, Fantasy, Horror, Thriller",2019,7.4,,59,152 min,"Mike Flanagan (screenplay by), Stephen King (based upon the novel by)",movie
148,The Lion King,The Lion King,Won 2 Oscars. Another 35 wins & 34 nominations.,"Roger Allers, Rob Minkoff","Animation, Adventure, Drama, Family, Musical",1994,8.5,,88,88 min,"Irene Mecchi (screenplay by), Jonathan Roberts (screenplay by), Linda Woolverton (screenplay by), Burny Mattinson (story), Barry Johnson (story), Lorna Cook (story), Thom Enriquez (story), Andy Gaskill (story), Gary Trousdale (story), Jim Capobianco (story), Kevin Harkey (story), Jorgen Klubien (story), Chris Sanders (story), Tom Sito (story), Larry Leker (story), Joe Ranft (story), Rick Maki (story), Ed Gombert (story), Francis Glebas (story), Mark Kausler (story), J.T. Allen (additional story material), George Scribner (additional story material), Miguel Tejada-Flores (additional story material), Jenny Tripp (additional story material), Bob Tzudiker (additional story material), Christopher Vogler (additional story material), Kirk Wise (additional story material), Noni White (additional story material), Brenda Chapman (story supervisor)",movie
149,Ponyo,Ponyo,12 wins & 19 nominations.,Hayao Miyazaki,"Animation, Adventure, Comedy, Family, Fantasy",2008,7.7,,86,101 min,Hayao Miyazaki,movie
150,Dark Phoenix,X-Men: Dark Phoenix,13 nominations.,Simon Kinberg,"Action, Adventure, Sci-Fi",2019,5.8,,43,113 min,Simon Kinberg,movie
151,Frozen,Frozen,Won 2 Oscars. Another 79 wins & 59 nominations.,"Chris Buck, Jennifer Lee","Animation, Adventure, Comedy, Family, Fantasy, Musical",2013,7.4,,75,102 min,"Jennifer Lee (screenplay by), Hans Christian Andersen (story inspired by: ""The Snow Queen"" by), Chris Buck (story by), Jennifer Lee (story by), Shane Morris (story by)",movie
152,Jupiter Ascending,Jupiter Ascending,4 wins & 16 nominations.,"Lana Wachowski, Lilly Wachowski","Action, Adventure, Sci-Fi",2015,5.3,,40,127 min,"Lilly Wachowski, Lana Wachowski",movie
153,Se7en,Se7en,Nominated for 1 Oscar. Another 29 wins & 40 nominations.,David Fincher,"Crime, Drama, Mystery, Thriller",1995,8.6,,65,127 min,Andrew Kevin Walker,movie
154,Teenage Mutant Ninja Turtles,Teenage Mutant Ninja Turtles,1 win & 10 nominations.,Jonathan Liebesman,"Action, Adventure, Comedy, Sci-Fi",2014,5.8,,31,101 min,"Josh Appelbaum, André Nemec, Evan Daugherty, Peter Laird (based on the Teenage Mutant Ninja Turtles characters created by), Kevin Eastman (based on the Teenage Mutant Ninja Turtles characters created by)",movie
155,Bombshell,Bombshell,Won 1 Oscar. Another 21 wins & 51 nominations.,Jay Roach,"Biography, Drama",2019,6.8,,64,109 min,Charles Randolph,movie
156,Inception,Inception,Won 4 Oscars. Another 152 wins & 217 nominations.,Christopher Nolan,"Action, Adventure, Sci-Fi, Thriller",2010,8.8,,74,148 min,Christopher Nolan,movie
157,Deadpool,Deadpool,Nominated for 2 Golden Globes. Another 28 wins & 75 nominations.,Tim Miller,"Action, Adventure, Comedy, Sci-Fi",2016,8.0,,65,108 min,"Rhett Reese, Paul Wernick",movie
158,Harry Potter and the Half-Blood Prince,Harry Potter and the Half-Blood Prince,Nominated for 1 Oscar. Another 8 wins & 35 nominations.,David Yates,"Action, Adventure, Family, Fantasy, Mystery",2009,7.6,,78,153 min,"Steve Kloves (screenplay), J.K. Rowling (novel)",movie
159,The Imitation Game,The Imitation Game,Won 1 Oscar. Another 48 wins & 159 nominations.,Morten Tyldum,"Biography, Drama, Thriller, War",2014,8.0,,73,114 min,"Graham Moore, Andrew Hodges (book)",movie
160,Charlie's Angels,Charlie's Angels,15 wins & 30 nominations.,McG,"Action, Adventure, Comedy, Crime, Thriller",2000,5.5,,52,98 min,"Ryan Rowe, Ed Solomon, John August, Ivan Goff (TV series), Ben Roberts (TV series)",movie
161,San Andreas,San Andreas,2 wins & 10 nominations.,Brad Peyton,"Action, Adventure, Drama, Thriller",2015,6.0,,43,114 min,"Carlton Cuse (screenplay), Andre Fabrizio (story), Jeremy Passmore (story)",movie
162,365 Days,365 Days,N/A,"Barbara Bialowas, Tomasz Mandes",Drama,2020,3.7,,N/A,114 min,"Barbara Bialowas (screenplay associate), Tomasz Klimala (screenplay), Blanka Lipinska (based on novel by), Blanka Lipinska (screenplay associate), Tomasz Mandes (screenplay associate)",movie
163,Insidious: The Last Key,Insidious: The Last Key,6 nominations.,Adam Robitel,"Horror, Mystery, Thriller",2018,5.7,,49,103 min,"Leigh Whannell, Leigh Whannell (based on characters created by)",movie
164,Maleficent,Maleficent,Nominated for 1 Oscar. Another 12 wins & 42 nominations.,Robert Stromberg,"Action, Adventure, Family, Fantasy, Romance",2014,7.0,,56,97 min,"Linda Woolverton (screenplay by), Charles Perrault (based on ""La Belle au bois dormant"" written by)",movie
165,Dial M for Murder,Dial M for Murder,Nominated for 1 BAFTA Film Award. Another 5 wins & 2 nominations.,Alfred Hitchcock,"Crime, Thriller",1954,8.2,,75,105 min,"Frederick Knott (screen play by), Frederick Knott",movie
166,Doom,Doom,3 nominations.,Andrzej Bartkowiak,"Action, Horror, Sci-Fi",2005,5.2,,34,105 min,"Dave Callaham (screenplay), Wesley Strick (screenplay), Dave Callaham (story)",movie
167,Angel Has Fallen,Angel Has Fallen,1 nomination.,Ric Roman Waugh,"Action, Thriller",2019,6.4,,45,121 min,"Robert Mark Kamen (screenplay by), Matt Cook (screenplay by), Ric Roman Waugh (screenplay by), Creighton Rothenberger (story by), Katrin Benedikt (story by), Creighton Rothenberger (based on characters created by), Katrin Benedikt (based on characters created by)",movie
168,Run with the Hunted,Run with the Hunted,N/A,John Swab,Crime,2018,N/A,,N/A,N/A,John Swab,movie
169,Da 5 Bloods,Da 5 Bloods,N/A,Spike Lee,"Adventure, Drama, War",2020,6.8,,81,154 min,"Danny Bilson, Paul De Meo, Kevin Willmott, Spike Lee",movie
170,Avengers: Age of Ultron,Avengers: Age of Ultron,8 wins & 47 nominations.,Joss Whedon,"Action, Adventure, Sci-Fi",2015,7.3,,66,141 min,"Joss Whedon, Stan Lee (based on the Marvel comics by), Jack Kirby (based on the Marvel comics by), Joe Simon (character created by: Captain America), Jack Kirby (character created by: Captain America), Jim Starlin (character created by: Thanos)",movie
171,Fast & Furious Presents: Hobbs & Shaw,Fast & Furious 6,10 wins & 22 nominations.,Justin Lin,"Action, Adventure, Thriller",2013,7.1,,61,130 min,"Chris Morgan, Gary Scott Thompson (characters)",movie
172,Onward,Onward,1 win.,Dan Scanlon,"Animation, Adventure, Comedy, Family, Fantasy",2020,7.5,,61,102 min,"Dan Scanlon (original story by), Keith Bunin (original story by), Jason Headley (original story by), Dan Scanlon (screenplay by), Jason Headley (screenplay by), Keith Bunin (screenplay by)",movie
173,The Lodge,The Lodge,4 nominations.,"Severin Fiala, Veronika Franz","Drama, Horror, Thriller",2019,6.0,,64,108 min,"Sergio Casci, Veronika Franz, Severin Fiala",movie
174,Birds of Prey (and the Fantabulous Emancipation of One Harley Quinn),Birds of Prey: And the Fantabulous Emancipation of One Harley Quinn,3 nominations.,Cathy Yan,"Action, Adventure, Crime",2020,6.1,,60,109 min,"Christina Hodson, Paul Dini (Harley Quinn created by), Bruce Timm (Harley Quinn created by)",movie
175,Finding Nemo,Finding Nemo,Won 1 Oscar. Another 48 wins & 62 nominations.,"Andrew Stanton, Lee Unkrich(co-director)","Animation, Adventure, Comedy, Family",2003,8.1,,90,100 min,"Andrew Stanton (original story by), Andrew Stanton (screenplay by), Bob Peterson (screenplay by), David Reynolds (screenplay by)",movie
176,Alita: Battle Angel,Alita: Battle Angel,9 wins & 25 nominations.,Robert Rodriguez,"Action, Adventure, Sci-Fi, Thriller",2019,7.3,,53,122 min,"James Cameron (screenplay by), Laeta Kalogridis (screenplay by), Yukito Kishiro (based on the graphic novel series ""Gunnm"" by)",movie
177,Five Feet Apart,Five Feet Apart,3 wins & 7 nominations.,Justin Baldoni,"Drama, Romance",2019,7.2,,53,116 min,"Mikki Daughtry, Tobias Iaconis",movie
178,The Hobbit: The Battle of the Five Armies,The Hobbit: The Battle of the Five Armies,Nominated for 1 Oscar. Another 7 wins & 53 nominations.,Peter Jackson,"Adventure, Fantasy",2014,7.4,,59,144 min,"Fran Walsh (screenplay), Philippa Boyens (screenplay), Peter Jackson (screenplay), Guillermo del Toro (screenplay), J.R.R. Tolkien (novel)",movie
179,Monsters Inc,"Monsters, Inc.",Won 1 Oscar. Another 14 wins & 38 nominations.,"Pete Docter, David Silverman(co-director), Lee Unkrich(co-director)","Animation, Adventure, Comedy, Family, Fantasy",2001,8.0,,79,92 min,"Pete Docter (original story by), Jill Culton (original story by), Jeff Pidgeon (original story by), Ralph Eggleston (original story by), Andrew Stanton (screenplay by), Daniel Gerson (screenplay by)",movie
180,Pulp Fiction,Pulp Fiction,Won 1 Oscar. Another 69 wins & 74 nominations.,Quentin Tarantino,"Crime, Drama",1994,8.9,,94,154 min,"Quentin Tarantino (stories), Roger Avary (stories), Quentin Tarantino",movie
181,Spirited Away,Spirited Away,Won 1 Oscar. Another 57 wins & 30 nominations.,Hayao Miyazaki,"Animation, Adventure, Family, Fantasy, Mystery",2001,8.6,,96,125 min,Hayao Miyazaki,movie
182,Spider-Man: Homecoming,Spider-Man: Homecoming,7 wins & 9 nominations.,Jon Watts,"Action, Adventure, Sci-Fi",2017,7.4,,73,133 min,"Jonathan Goldstein (screenplay by), John Francis Daley (screenplay by), Jon Watts (screenplay by), Christopher Ford (screenplay by), Chris McKenna (screenplay by), Erik Sommers (screenplay by), Jonathan Goldstein (screen story by), John Francis Daley (screen story by), Stan Lee (based on the Marvel comic book by), Steve Ditko (based on the Marvel comic book by), Joe Simon (Captain America created by), Jack Kirby (Captain America created by)",movie
183,Harry Potter and the Prisoner of Azkaban,Harry Potter and the Prisoner of Azkaban,Nominated for 2 Oscars. Another 17 wins & 51 nominations.,Alfonso Cuarón,"Adventure, Family, Fantasy, Mystery",2004,7.9,,82,142 min,"J.K. Rowling (novel), Steve Kloves (screenplay)",movie
184,Just Mercy,Just Mercy,10 wins & 11 nominations.,Destin Daniel Cretton,"Biography, Crime, Drama",2019,7.6,,68,137 min,"Destin Daniel Cretton, Andrew Lanham, Bryan Stevenson (based on the book by)",movie
185,Terminator 2: Judgment Day,Terminator 2: Judgment Day,Won 4 Oscars. Another 32 wins & 33 nominations.,James Cameron,"Action, Sci-Fi",1991,8.5,,75,137 min,"James Cameron, William Wisher",movie
186,Close Encounters of the Third Kind,Close Encounters of the Third Kind,Won 1 Oscar. Another 14 wins & 38 nominations.,Steven Spielberg,"Drama, Sci-Fi",1977,7.6,,90,138 min,Steven Spielberg,movie
187,Star Wars: The Last Jedi,Star Wars: The Last Jedi,N/A,N/A,"Short, Action, Fantasy, Sci-Fi",2008,8.0,,N/A,3 min,N/A,movie
188,Spider-Man: Into the Spider-Verse,Spider-Man: Into the Spider-Verse,Won 1 Oscar. Another 79 wins & 55 nominations.,"Bob Persichetti, Peter Ramsey, Rodney Rothman","Animation, Action, Adventure, Family, Sci-Fi",2018,8.4,,87,117 min,"Phil Lord (screenplay by), Rodney Rothman (screenplay by), Phil Lord (story by)",movie
189,Underwater,Underwater,N/A,William Eubank,"Action, Horror, Sci-Fi, Thriller",2020,5.8,,48,95 min,"Brian Duffield (screenplay by), Adam Cozad (screenplay by), Brian Duffield (story by)",movie
190,Bad Boys for Life,Bad Boys for Life,2 nominations.,"Adil El Arbi, Bilall Fallah","Action, Comedy, Crime, Thriller",2020,6.7,,59,124 min,"Peter Craig (story), Joe Carnahan (story), Chris Bremner (screenplay), Peter Craig (screenplay), Joe Carnahan (screenplay), George Gallo (based on characters created by)",movie
191,Avatar,Avatar,Won 3 Oscars. Another 86 wins & 129 nominations.,James Cameron,"Action, Adventure, Fantasy, Sci-Fi",2009,7.8,,83,162 min,James Cameron,movie
192,Alien: Covenant,Alien: Covenant,2 wins & 13 nominations.,Ridley Scott,"Horror, Sci-Fi, Thriller",2017,6.4,,65,122 min,"Dan O'Bannon (based on characters created by), Ronald Shusett (based on characters created by), Jack Paglen (story by), Michael Green (story by), John Logan (screenplay by), Dante Harper (screenplay by)",movie
193,Gone Girl,Gone Girl,Nominated for 1 Oscar. Another 64 wins & 183 nominations.,David Fincher,"Drama, Mystery, Thriller",2014,8.1,,79,149 min,"Gillian Flynn (screenplay), Gillian Flynn (novel)",movie
